Rodzina / grupa,54-Strukt-beta,55-Strukt-beta,56-Strukt-beta,57-Strukt-beta,58-Strukt-beta,59-Strukt-beta,60-Strukt-beta,54-ranga,55-ranga,56-ranga,57-ranga,58-ranga,59-ranga,60-ranga
PF07181 Knotted,V,Q,T,S,R,M,F,1,3,7,3,5,1,2
PF08870 Knotted,-,-,L,D,G,T,L,7,7,7,4,6,3,1
PF01340,K,K,I,T,V,S,I,5,5,1,3,1,3,1
PF01402,-,R,L,T,I,T,L,7,5,1,3,1,3,1
PF03693,-,-,-,N,T,S,V,7,7,7,3,3,3,1
PF03869,D,K,F,V,V,R,L,4,5,2,1,1,5,1
PF04221,G,S,I,N,L,R,I,6,3,1,3,1,5,1
PF07362,Q,R,I,T,V,T,V,3,5,1,3,1,3,1
PF08681,-,R,I,T,A,R,V,7,5,1,3,1,5,1
PF09274,K,R,V,N,V,N,F,5,5,1,3,1,3,2
PF09386,S,R,L,T,I,D,M,3,5,1,3,1,4,1
PF09957,-,R,F,A,I,E,P,7,5,2,1,1,4,6
PF13467,-,G,V,A,T,S,V,7,6,1,1,3,3,1
PF15919,F,N,L,T,M,S,Q,2,3,1,3,1,3,3
PF16762,-,N,I,A,V,S,P,7,3,1,1,1,3,6
PF16777,R,N,F,S,V,T,F,5,3,2,3,1,3,2
PF17206,K,T,I,E,V,D,D,5,3,1,4,1,4,4
PF17414,R,K,K,S,I,D,L,5,5,5,3,1,4,1
PF07704,E,R,L,A,R,E,T,4,5,1,1,5,4,3
PF05261 Outgroup,S,L,S,N,V,S,S,3,1,3,3,1,3,3