Rodzina / grupa,46-alpha2,47-alpha2,48-alpha2,49-alpha2,50-alpha2,51-alpha2,52-alpha2,65-alpha2,66-alpha2,67-alpha2,68-alpha2,69-alpha2,70-alpha2,71-alpha2,72-alpha2,46-range,47-range,48-range,49-range,50-range,51-range,52-range,65-range,66-range,67-range,68-range,69-range,70-range,71-range,72-range
PF07181 Knotted,F,G,H,K,L,A,T,A,A,L,A,-,-,C,F,2,6,5,5,1,1,3,1,1,1,1,7,7,3,2
PF08870 Knotted,A,W,A,A,H,V,E,D,G,I,A,-,-,A,L,1,2,1,1,5,1,4,4,6,1,1,7,7,1,1
PF01340,N,S,E,L,L,C,E,A,F,L,H,-,-,A,F,3,3,4,1,1,3,4,1,2,1,5,7,7,1,2
PF01402,K,S,A,M,I,S,V,A,L,E,N,-,-,Y,K,5,3,1,1,1,3,1,1,1,4,3,7,7,2,5
PF03693,E,N,E,A,K,L,A,A,L,R,A,-,-,A,L,4,3,4,1,5,1,1,1,1,5,1,7,7,1,1
PF03869,N,S,E,I,I,A,R,L,E,Q,S,-,-,L,L,3,3,4,1,1,1,5,1,4,3,3,7,7,1,1
PF04221,P,S,E,A,L,R,L,M,L,E,Y,-,-,I,A,6,3,4,1,1,5,1,1,1,4,2,7,7,1,1
PF07362,S,-,G,L,V,S,T,T,M,Q,N,-,-,E,A,3,7,6,1,1,3,3,3,1,3,3,7,7,4,1
PF08681,N,S,F,V,L,N,A,A,I,E,K,-,-,A,K,3,3,2,1,1,3,1,1,1,4,5,7,7,1,5
PF09274,I,T,D,V,V,N,Q,L,V,D,N,-,-,W,L,1,3,4,1,1,3,3,1,1,4,3,7,7,2,1
PF09386,-,-,-,-,I,K,Q,Y,A,L,E,-,-,R,L,7,7,7,7,1,5,3,1,1,1,4,7,7,5,1
PF09957,-,-,L,I,D,C,Q,V,A,A,M,-,-,A,L,7,7,1,1,4,3,3,1,1,1,1,7,7,1,1
PF13467,V,T,Q,L,I,E,R,L,Y,D,E,-,-,L,V,1,3,3,1,1,4,5,1,2,4,4,7,7,1,1
PF15919,R,S,Q,F,L,A,E,L,-,-,-,-,-,-,-,5,3,3,2,1,1,4,1,7,7,7,7,7,7,1
PF16762,E,D,A,V,R,A,Y,L,F,E,R,-,-,A,V,4,4,1,1,5,1,2,1,2,4,5,7,7,1,1
PF16777,V,N,S,F,V,K,R,H,I,L,K,-,-,T,I,1,3,3,2,1,5,5,5,1,1,5,7,7,3,1
PF17206,A,S,D,I,L,R,R,M,L,-,-,-,-,-,-,1,3,4,1,1,5,5,1,1,7,7,7,7,7,7
PF17414,L,S,D,T,V,V,Q,L,I,E,D,-,-,A,E,1,3,4,3,1,1,3,1,1,4,4,7,7,1,4
PF07704,V,T,A,L,R,E,R,L,R,D,E,-,-,L,A,1,3,1,1,5,4,5,1,5,4,4,7,7,1,1
PF05261 Outgroup,V,S,S,M,L,L,E,L,G,L,R,V,Y,M,I,1,3,3,1,1,1,4,1,6,1,5,1,2,1,2